epoch,step,train_loss
0,49,0.07054869085550308
0,99,0.0382792204618454
